Amber,Cormier
Caitlin,Smyth
Ruby,Stokes
Maya,Robertson
Luca,Heathcote
Cooper,Beier
Emily,Parker
Imogen,Mckenzie
Jordan,O'hara
Madeline,Beatty
Ethan,Dare
Caitlin,Connelly
Michael,Brown
Chloe,Lowe
Levi,Wilderman
Oliver,Fisher
Sarah,Bahringer
Alex,Emard
Hunter,Boyer
Alexander,Spencer
Sam,Cartwright
Jack,Kessler
James,Fadel
Harry,Cruickshank
Cooper,Graham
Kai,D'amore
Sebastian,Hammes
Mackenzie,Heathcote
Imogen,Ward
Claire,Hand
Claire,Reid
Jayden,Corwin
Grace,Russel
Lucas,Kunde
Christopher,Grant
Max,Kirlin
Eli,Kuhn
Olivia,Muller
Elizabeth,Barrows
Charlotte,Glover
Matilda,Grant
Lara,Walsh
Natalie,Howe
Jade,Hansen
Claire,Ward
Rose,Jenkins
Layla,Howell
Aaron,Reilly
Lola,Jenkins
Kiara,Berge
Jacob,Larson
Abigail,Marvin
Levi,Paterson
Charlotte,Lee
Jackson,Adams
Gabriella,Thompson
Cameron,Grant
Violet,Gleason
Eli,Koss
Stephanie,Feil
Connor,Williams
Connor,Mckenzie
Heidi,Leffler
Xavier,Beahan
Cody,Rose
Stephanie,Rice
Addison,Smyth
Isabel,Boyer
Alice,O'reilly
Savannah,Daugherty
Ruby,O'keefe
Toby,Turner
Georgia,Dickinson
Jesse,Young
Phoenix,Windler
Isabella,Grimes
Maya,Glover
Michael,Dickinson
Abby,Hermann
Sebastian,Bergstrom
Abbey,Bahringer
Elizabeth,Jenkins
Annabelle,Ritchie
Holly,Reilly
Elijah,Langworth
Anna,Owen
Georgia,O'conner
Ivy,Hahn
Emma,Cole
Aiden,Windler
Archie,Ebert
Mason,Quinn
Hayden,Dooley
Elijah,Stark
Zac,Emard
Matilda,Barrows
Chloe,Dooley
Cody,Howell
Oliver,Quinn
Violet,Wood
Hayden,Monahan
Alex,Huel
Amelia,Wright
Elizabeth,Waters
James,Kutch
Lola,Mclaughlin
Emma,Goodwin
Evie,Fay
Ashley,West
Isabelle,Scott
Zara,Jacobi
Isaac,Corkery
Eliza,Wilkinson
Natalie,Beier
Sofia,Bayer
Michael,Cartwright
Isabelle,Koch
Gemma,Kunde
Riley,Nguyen
Grace,Hayes
Jade,Klein
Finn,Schultz
Lilly,Farrell
Alex,Fahey
Patrick,Bayer
Sienna,Jacobi
Mia,Daniel
Tyler,Harber
Oliver,Emmerich
Daniel,Botsford
Jayden,Lee
Joshua,Becker
Nate,Abbott
Skye,West
Logan,Daugherty
Cameron,Hammes
Isabelle,Bergstrom
Summer,Walsh
Jessica,Rowe
Darcy,King
Caitlin,Welch
Jake,Thompson
Joseph,Ryan
Amy,Corkery
Sofia,Monahan
Lincoln,Bayer
Joshua,Walter
Connor,Beier
Michael,Kunde
Hugo,Johnston
Chase,Emard
Nathan,Klein
Tahlia,Reynolds
Sofia,Farrell
Isabel,Kulas
Sophia,Kirlin
Declan,Hartmann
William,O'reilly
Caleb,Mckenzie
Eli,Donnelly
Finn,Botsford
Angus,Cummings
Eva,Koch
Leo,Sauer
Emma,Bruen
Charlie,Bartoletti
Imogen,Lockman
Sarah,Hudson
Zoe,Mccullough
Jasmine,Haley
William,Keeling
Alexander,Hettinger
Amelie,Shields
John,Miller
Piper,Schmidt
Lincoln,Fay
Amelia,Lang
Matthew,Boyer
Tahlia,Mueller
Hugo,Patel
Jesse,Anderson
Willow,Stanton
Noah,Ferry
Liam,Heathcote
Isla,Lockman
Charli,Abbott
Paige,Turcotte
Oscar,Alexander
Finn,O'reilly
Anthony,Stanton
Jesse,Kohler
Ivy,Jerde
Sam,Thomas
Daniel,Hessel
Lauren,Tremblay
Hannah,Champlin
Grace,Murray
Andrew,Turner
Samantha,Anderson
Blake,Rees
Cameron,Russel
Amber,Kohler
Ethan,Ritchie
Holly,Armstrong
Lauren,Kovacek
Isaac,Mitchell
Skye,D'amore
Madison,Towne
Mason,Robertson
Max,Kovacek
Madison,Little
Eve,Feeney
Lauren,Stark
Madison,D'amore
Amelia,Mueller
Toby,Welch
Owen,Barrows
Scarlett,Cole
Natalie,Haley
Emma,Hickle
Oscar,Dietrich
Gabriel,Cole
Chloe,Corwin
Victoria,James
Kai,Mills
Sam,Beahan
Patrick,Bode
Oliver,Carroll
Declan,Morissette
Elijah,Larkin
Sofia,Johns
Liam,Dare
Abby,Lynch
Matilda,Hartmann
Ashton,Walker
Amy,Berge
Jessica,Harber
Michael,Swift
Leo,Nolan
Taylor,Bartell
Chase,Lynch
Archie,Crooks
Ivy,Lee
Owen,Thompson
Justin,O'reilly
Claudia,Schmidt
Isabel,Wright
Jessica,Armstrong
Lucas,Campbell
Matthew,Bosco
Ethan,Bayer
Amber,Becker
Henry,Koelpin
Cooper,Hartmann
Dylan,Moss
Logan,Kohler
Callum,O'hara
Mason,Bogan
Maya,Ferry
Skye,Hall
Emma,Schroeder
Angelina,Wilkinson
Luca,Smitham
Willow,Becker
Michael,Cox
Jack,Marks
Angus,Lockman
Alexis,James
Logan,Quinn
Hunter,Weber
Andrew,Price
Isabella,Moore
Georgia,Hughes
Abbey,Rice
Anna,Bailey
Savannah,Beahan
Owen,Jones
Madeline,Rice
Charlie,Hansen
Ruby,Macdonald
Eve,Kunde
Jayden,Beatty
Justin,Schultz
Zac,Macdonald
Eli,Jerde
Alyssa,Greenfelder
Henry,Waters
Poppy,Smyth
Charli,Cronin
Jonathan,Williamson
Angus,Gleason
Gabriella,Douglas
Summer,Morissette
Declan,Mann
Mikayla,Stark
Charles,Morrison
Ava,Stewart
Mitchell,Jacobi
Claudia,Macdonald
Dylan,Cox
Evie,Mann
Mia,Hyatt
Hunter,Nolan
James,Conroy
Gabriel,Hamilton
Alice,Rowe
Jake,Jacobs
Kiara,O'connell
Sienna,Hill
Thomas,Hettinger
Jayden,Kirlin
Taylor,Hall
Angus,Nicolas
Lara,Armstrong
Jackson,Christiansen
Cameron,Hall
Lucy,Owen
Cody,Hammes
Audrey,Wolf
Charli,Murray
Marcus,Monahan
Mikayla,O'neill
Kai,Jackson
Bailey,Hughes
David,Erdman
Jasper,Tremblay
Hannah,Langworth
Joseph,Farrell
Elizabeth,O'reilly
George,Roberts
Samuel,Hand
Emily,Tillman
Charli,Becker
Jesse,Gleason
Jayden,Cassin
Ella,Kemmer
Thomas,Garden
Cameron,Johnston
Marcus,Schmitt
Bailey,Goodwin
Samuel,Schneider
Scarlett,Scott
Sofia,Jackson
Phoenix,Daniel
Gemma,Thomas
Amy,Rutherford
Audrey,Schmidt
Abby,Lynch
Alana,Scott
Mikayla,Hermiston
Anthony,Smitham
Stephanie,Kemmer
Christian,Kutch
Noah,Windler
Summer,Sauer
Summer,Scott
Marcus,Morrison
Willow,Goodwin
Darcy,Cruickshank
Lachlan,Botsford
Amy,Heller
Taylor,Hane
Stephanie,Smitham
Phoebe,Donnelly
Skye,Stanton
Declan,Martin
Owen,Nader
Imogen,Haley
Mason,Rose
Madison,Heller
Michael,Grant
Oliver,Little
Harrison,Grady
Mikayla,Bode
Thomas,Macdonald
Declan,Abbott
Alex,Macdonald
Adam,Nader
Xavier,O'connell
Jack,Flatley
Sarah,Nguyen
George,Connelly
Samuel,Cruickshank
John,Hermann
Marcus,Bartell
Anna,Adams
Grace,Heaney
Liam,Hickle
Elijah,Kreiger
Alyssa,Flatley
Nate,Johnston
Jett,Koelpin
Willow,Leannon
Charli,Feeney
Jake,Daniel
Georgia,Mueller
Marcus,Rohan
Annabelle,Wilderman
Thomas,Mcdermott
Tyler,Hahn
Lauren,Hills
Maya,Corwin
Connor,Johnston
Holly,Collier
Oliver,Flatley
Alex,Carter
Sofia,Kovacek
Elijah,Jones
Lucy,Spencer
Imogen,Quigley
Connor,Miller
John,Bartell
Sofia,Langworth
Hugo,Rohan
Mackenzie,Corkery
Angelina,Jacobs
Samuel,Olson
Matthew,Wright
Callum,Donnelly
Sebastian,Graham
Samuel,Tillman
Claudia,Stark
Lauren,Hoppe
Alex,Lewis
Sophia,Bahringer
Hannah,Kemmer
Isla,Jones
Bella,Gibson
Scarlett,Welch
Stella,Harris
Eva,Borer
Declan,Young
Olivia,Jacobi
Jett,Paterson
Caleb,Miller
Aiden,Jackson
Thomas,Hartmann
James,Leannon
Gabriella,Walsh
Evie,Mckenzie
Mia,Schultz
Hayley,Hahn
Jack,Smyth
Hunter,Kreiger
Ellie,Watson
John,Lockman
Finn,Bosco
Joel,Wilkinson
Michael,Ward
Xavier,Rees
Aaron,Walter
Summer,Stanton
Olivia,Ernser
Harrison,Borer
Elizabeth,Martin
Oscar,Tillman
Edward,Price
Claudia,Mccullough
Alexis,Farrell
Sofia,Hahn
Eva,Lang
Emma,Campbell
Chloe,Griffiths
Connor,Kovacek
Oliver,Wood
Riley,Huel
Anthony,Feil
James,Morrison
Andrew,Stanton
Lucas,Macdonald
Hannah,Mayer
Charles,Schultz
Chloe,Griffiths
Alyssa,O'connell
Lilly,Durgan
Maya,Champlin
Adam,Harvey
Willow,Tillman
Zara,Davies
Summer,Hettinger
Annabelle,Hill
Georgia,Dooley
Jasmine,Dooley
Nathan,Dooley
Ruby,O'keefe
Leo,Tromp
Angus,Dooley
Edward,Reid
George,Griffiths
Joseph,Patel
Grace,Doyle
Caitlin,Monahan
Lucas,Boyer
Lilly,Dickinson
Charli,Bartell
Leo,Hoppe
Skye,Kovacek
Stephanie,Reynolds
Elijah,Kemmer
Addison,Casper
Isabel,Brown
Joel,Kuhn
Levi,Gutmann
Gabriella,Ross
Zara,Kuhn
Maya,Paterson
Joshua,Wright
Evie,Greenholt
Heidi,Roberts
Charli,Ritchie
Hunter,Reid
Harry,Erdman
Ryan,Cartwright
Justin,Baumbach
Mia,Klein
Hunter,Wilderman
Heidi,Kohler
Alexis,White
Jacob,Lee
Cody,Griffiths
Patrick,Barton
Cooper,Marvin
Piper,Wilderman
Leo,Towne
Sarah,Nguyen
Eva,Huel
Lincoln,Dickinson
Lucas,Stokes
Georgia,Feeney
Ashton,O'keefe
Jonathan,Lee
Jacob,Moore
Ivy,Russel
Lara,Braun
Kai,Ernser
Piper,Ebert
Georgia,Kessler
Gemma,Moss
Jasper,Fisher
Angelina,Wright
Bella,Kuhlman
Archie,King
Mackenzie,Schmidt
Heidi,Spencer
Sarah,Murray
Blake,Larson
Skye,Stokes
Christian,Little
Michael,Nolan
Jackson,Mclaughlin
Ivy,Tillman
Jessica,Robinson
Declan,Jones
Andrew,Lang
Zac,Bosco
Max,Baumbach
Samuel,Rodriguez
Chase,Marvin
Kayla,Scott
Matthew,Beier
Sebastian,Beier
Kayla,Becker
Oscar,Robertson
Piper,Young
Georgia,Adams
Alana,Dickens
Ellie,Conroy
Alexandra,Schneider
Joseph,Kuhlman
Christopher,Nolan
Hunter,Tremblay
Cameron,Beier
James,Ross
Georgia,Bosco
Noah,Nader
David,Flatley
Kayla,Thompson
Joseph,Campbell
Max,Edwards
Angelina,Evans
Amelia,Marks
Bailey,Jenkins
Hugo,Lynch
Maya,Lowe
Jackson,Anderson
Elizabeth,Smyth
Sebastian,Heaney
Alice,Daugherty
Sebastian,Murray
Beau,Kohler
Ryan,Griffiths
Hugo,Wilson
Victoria,Scott
Abbey,Bayer
Declan,Spencer
Liam,Stokes
Noah,Turner
Poppy,Spencer
Declan,Hackett
Sarah,Emmerich
Eve,Bogan
Scarlett,O'hara
Charlotte,Lang
Lily,Kulas
Logan,Morrison
Kai,Hane
Evie,Macdonald
Molly,Schneider
Zoe,Conroy
Paige,Bahringer
Charlotte,Cole
Dylan,Anderson
Stephanie,Schneider
Aiden,Kirlin
Connor,Griffiths
Angus,Ryan
Lilly,Russel
Benjamin,Smitham
Oscar,Green
Cody,Klein
Gabriel,Taylor
Samantha,Martin
Lincoln,Douglas
Violet,Farrell
Jackson,Kemmer
Samuel,Williams
Lucy,Robinson
Lara,Connelly
Caleb,Borer
Isabelle,Kessler
Daniel,Farrell
Aaron,Jenkins
Sebastian,Patel
Ethan,Corwin
Ali,Corwin
Oscar,Campbell
Sofia,Shields
Phoebe,Dickens
Harrison,Koelpin
Madison,Parisian
Ella,Johns
Lachlan,Quinn
Hayden,Griffiths
Anthony,Huel
Eliza,Mcdermott
Paige,Fisher
Paige,Rees
Benjamin,Murray
Levi,Green
Ryan,Kirlin
Annabelle,Sauer
Paige,Owen
Jade,Beatty
Lily,O'hara
Callum,Cummings
Zachary,Owen
Charlotte,Kiehn
Chelsea,Hackett
Samuel,Emmerich
Sebastian,Kemmer
Lucas,Jacobs
Annabelle,Rodriguez
Michael,Koss
Alexandra,Alexander
Lauren,Bruen
Jake,Dietrich
Abbey,Kunde
Caitlin,Haley
Molly,Hall
Jesse,Doyle
Finn,Campbell
Isabella,Flatley
Ali,Parisian
Cody,Nolan
Sofia,Schultz
Amelia,Heaney
Leah,Lynch
Matthew,Murphy
Sebastian,Jacobi
Toby,Jacobs
Ethan,Feeney
Grace,Roberts
Sophie,Barton
Rose,Becker
Jade,Schmitt
Eli,Becker
Mackenzie,Langworth
Nicholas,Muller
Michael,Paterson
Eva,Jacobi
Christian,Fahey
Alex,Abbott
Alex,Cormier
Madeline,Grady
Lauren,Smitham
Sophia,Mason
Lauren,Wood
Hannah,Edwards
David,Heathcote
Riley,Johns
Logan,Morrison
Evie,Rose
Sarah,Stark
Lilly,Feil
Samuel,James
Charlotte,Larson
Benjamin,Barrows
Gabriel,Campbell
Maya,Beahan
Isabel,Harris
Bella,Griffiths
Hannah,Clark
Eva,Brown
Isaac,Becker
Isaac,James
Charli,Waters
Nicholas,Richards
Edward,Bruen
Heidi,Grant
Audrey,Walter
Chelsea,Khan
Skye,Rolfson
Hunter,Lee
Alexis,Ebert
Charles,Khan
Lily,Glover
Amy,Davies
Heidi,Campbell
Ivy,Robertson
Samuel,Borer
Aidan,Feeney
Owen,Richards
Marcus,Keeling
Nicholas,Cox
Zara,Larson
Max,Young
Rose,Hills
Eli,Daniel
Tyler,Gibson
Lily,Bartoletti
Leo,Berge
Christopher,Grimes
Hannah,Cox
Caitlin,Mann
Tahlia,Green
Alana,Edwards
Cody,Lynch
Riley,Erdman
Kai,Russel
Olivia,Rees
Jack,O'conner
William,Conroy
Callum,Spencer
Willow,O'keefe
Isabel,Ferry
Riley,Cassin
Joseph,Young
Lucy,Little
Ashley,Haley
Ruby,Ryan
Isabel,Cole
Madison,Gutmann
Edward,Thomas
Sarah,Hickle
Maya,Jacobson
Mitchell,Kuhn
Angelina,King
Toby,Rolfson
Edward,Hyatt
Jessica,Kunde
Claire,Dickens
Ali,Harris
Sebastian,Hills
Adam,Walter
Ivy,Cormier
Layla,Morissette
Gabriel,Kiehn
Joel,Rose
Poppy,Ryan
Hugo,Olson
Lillian,Beatty
Lucas,Wood
Natalie,Robinson
Hannah,Schmitt
Charli,Howell
Zara,Nguyen
Kai,Corkery
Nate,Hickle
Henry,Goldner
James,Bahringer
Alyssa,Huel
Mia,Edwards
Hayley,O'reilly
Lachlan,Kessler
Lilly,Martin
Lilly,Baumbach
Savannah,Morissette
Charlotte,Mason
Jasmine,Flatley
Sophia,Fisher
Amy,Murray
Hugo,Ross
Xavier,Reid
Lucy,Swift
Maya,Quinn
Mackenzie,Johnson
Aidan,Watson
Lucas,Rohan
Lucas,Harris
Edward,Owen
Isabel,Moss
Leah,Kunde
Xavier,Heller
Alex,Reid
Hayden,Kuhlman
Lillian,Emmerich
Zac,Scott
Connor,O'keefe
Olivia,Hickle
Christian,Hackett
Chloe,Harber
Stephanie,Ross
Harry,Cassin
Sophie,Ebert
Summer,Johnston
Jesse,Collins
Ella,Evans
Eliza,Hahn
Tyler,Bosco
Lara,Haley
Max,Hughes
David,Fahey
Chloe,Martin
Skye,Muller
Blake,Bosco
Leo,Richards
Scarlett,Stanton
Beau,Rowe
Willow,Martin
Logan,Borer
Dylan,Ritchie
Alex,Ferry
Grace,Phillips
Blake,Schroeder
Mackenzie,Kunde
Chelsea,Kreiger
Aaron,Lee
Lola,Haley
Amelia,Morissette
Hayden,Glover
Edward,Paterson
Kayla,Fay
Stephanie,Murphy
Anthony,Grady
Abigail,Bayer
Angelina,Waters
Luca,Grady
Poppy,Hill
Natalie,Koss
Alana,Rodriguez
Lucy,Harris
Henry,Welch
Emily,Ward
Bella,Ebert
Olivia,Hahn
Hannah,Towne
Justin,Abbott
Kai,Muller
Stephanie,Bruen
Gemma,Beahan
Heidi,Grady
Jayden,Emard
Noah,Khan
Ashton,Smitham
Anthony,Brown
Audrey,Feil
Charli,Cruickshank
James,Collier
Hayley,Muller
Angelina,Sauer
George,Reilly
Lincoln,Marvin
Savannah,Nguyen
Ella,O'connell
Mikayla,Edwards
Mikayla,Champlin
Leo,Doyle
Mikayla,Kuhn
Archie,Grant
Eli,Thomas
Sam,Cormier
Amy,Carroll
Alice,Phillips
Chloe,Morissette
Amelia,Hamilton
Aaron,Schneider
Eli,Alexander
Leah,Green
Madison,Fahey
Levi,Dietrich
Jasmine,Tromp
Aidan,Cormier
Lillian,Gutmann
Abigail,Cassin
Willow,Phillips
Charli,Hand
Heidi,Mills
Isabella,Dickinson
Zac,Kovacek
Ryan,Smyth
Victoria,Fadel
Justin,Hills
Ava,Conroy
Maya,Harvey
Alexandra,Feil
Leah,Beahan
Isla,Klein
William,Robinson
Chloe,Reilly
Sienna,Kuhn
Savannah,Johns
Joel,Jerde
Amy,Jenkins
Bella,James
Evie,Greenfelder
Gabriel,Martin
Taylor,Armstrong
Declan,Cox
Christopher,Kreiger
Zara,Ryan
Mitchell,Hane
Andrew,Langworth
Isabel,Schneider
Caleb,Cruickshank
Samuel,Stanton
Jesse,Clark
Matilda,Dickens
Paige,Davies
Victoria,Schroeder
Aaron,Johnston
Bailey,Parisian
Molly,Mason
Olivia,Fay
Logan,D'amore
Blake,Dare
Stella,Stark
Alexander,Bahringer
Hannah,Marvin
Ethan,Kemmer
Harrison,Welch
Cameron,Nader
Gabriella,Ritchie
Anthony,Carroll
Gabriella,Edwards
Zoe,Dietrich
Aaron,Heller
Samantha,Smyth
Anthony,O'connell
Joseph,Leannon
Violet,Greenfelder
Madeline,Cartwright
Lincoln,Edwards
Amelie,Monahan
Alex,King
Gemma,Dooley
David,Lowe
Elijah,Schneider
Phoenix,Rose
Georgia,Daugherty
Amber,O'neill
John,Schmitt
Amelia,Stokes
Eli,Campbell
Jasper,Berge
Madeline,Muller
Charli,Murphy
Kiara,Kuhn
Audrey,Weber
Mikayla,Ryan
Caitlin,Koelpin
Max,Cormier
Isaac,Price
Nathan,Richards
William,Leffler
Mikayla,Kirlin
Eva,Clark
Caitlin,O'keefe
Jordan,Mann
Olivia,Ritchie
Marcus,Muller
Ivy,Cole
Tyler,Dickens
Logan,Braun
Alana,Dickinson
Alexander,Lakin
Zoe,Owen
Abby,Armstrong
Alana,Bogan
Finn,Weber
Isabel,Kohler
